avg_employee_age,min_employee_age,max_employee_age
63.4426102867613768,56.9363449691991786,69.9383983572895277
