dept_name,num_employees,avg
Research,15441,63.4242724098587984
Marketing,14842,63.4190620785806710
Finance,12437,63.4440100213219734
Human Resources,12898,63.4593428202898560
Development,61386,63.4283086483655797
Quality Management,14546,63.4711914422305673
Sales,37701,63.4447824365938837
Customer Service,17569,63.4329438686436259
Production,53304,63.4604241264933907
